{"files":{"index.html":{"frameworks":["portfolio","pg.ia.lib","pg.asset.manager","pg.project.items","pg.code-validator","pg.bs5.lib","pg.image.overlay","pg.svg.lib","pg.css.grid","pg.ia","pg.fontawesome.5","pg.insight.events","bs5","pg.html","pg.components"],"last_page_width":648.994}},"breakpoints":["576px","640px","768px","992px","1200px","1400px"],"frameworks":["portfolio","pg.ia.lib","pg.asset.manager","pg.project.items","pg.code-validator","pg.bs5.lib","pg.image.overlay","pg.svg.lib","pg.css.grid","pg.ia","pg.fontawesome.5","pg.insight.events","bs5","pg.html","pg.components"],"template_framework_id":"bootstrap","urls":{"index.html":{"open-page-views":[{"w":648.994,"h":812}]},"bootstrap/css/bootstrap.min.css":{"locked":false,"locked_reason":""},"style.css":{"locked":false,"locked_reason":""},"pgia/components/controls.css":{"locked":true,"locked_reason":"This stylesheet is a library resource and will be overwritten on update. Over-ride CSS rules in the your project's stylesheet."},"pgia/components/slider.css":{"locked":false,"locked_reason":""},"blocks.css":{"locked":true,"locked_reason":"This stylesheet is a library resource and will be overwritten on update. Over-ride CSS rules in the your project's stylesheet."}},"cs-for-overrides":"style.css","project_resources":[{"url":"<script src=\"https://kit.fontawesome.com/6932f090c0.js\" crossorigin=\"anonymous\"></script>","footer":false,"type":"application/javascript"}],"active-design-provider":"bs5"}